Name,LOC,LVL,WGT,HP,MP,AC,MR,STR,INT,WIS,CON,DEX,DMG,HIT,AS%,SKD,SKD%,SPD,SPD%,FHB,HB%,CDR%
Labyrinth Helmet,Lost Woodlands,71,2,250,-,-1,-,-,-,-,-,-,-,-,-,-,-,-,-,-,-,-
Loures Labyrinth Helmet,Dye,71,2,250,-,-1,-,-,-,-,-,-,-,-,-,-,-,-,-,-,-,-
Mileth Labyrinth Helmet,Dye,71,2,250,-,-1,-,-,-,-,-,-,-,-,-,-,-,-,-,-,-,-
Rucesion Labyrinth Helmet,Dye,71,2,250,-,-1,-,-,-,-,-,-,-,-,-,-,-,-,-,-,-,-
Suomi Labyrinth Helmet,Dye,71,2,250,-,-1,-,-,-,-,-,-,-,-,-,-,-,-,-,-,-,-
Phoenix Helmet,Eingren Manor Blacksmith,86,4,250,-,-1,-,-,-,-,-,-,-,-,-,-,-,-,-,-,-,-
Warrior Master Helmet,Mastering,Master,5,1500,250,-2,10,-,-,-,-,-,-,-,-,-,-,-,-,-,-,-
Grand Master Warrior Helmet,-,Master,3,2500,250,-4,20,-,-,-,-,-,-,-,-,-,-,-,-,-,-,-
Grand Master Warrior Helmet,-,Master,3,2000,1000,-3,20,-,-,-,-,-,-,-,-,-,-,-,-,-,-,-
